osm_id,name,reason
1549010468,Salish Trail,"Extension past the Admiralty Trail junction to NW Marine Dr; Admiralty is our north edge"
778757602,(unnamed footway),"Untagged footway west of Salish, Acadia Rd to NW Marine Dr; not a trail we use"
1050458214,(unnamed footway),"Short untagged blip beside NW Marine Dr"
128064456,(unnamed footway),"Inside University Hill Elementary School grounds, north of Chancellor Blvd"
1549010450,(unnamed path),"Dead-end extension of the path along Chancellor, past the Pioneer/East Canyon link"
1549010451,(unnamed footway),"Dead-end stub from the East Canyon spur to the edge of Chancellor Blvd"
587940509,(unnamed service road),"Spur off Cleveland Trail into a parking lot, north of W 16th Ave"
750541665,(unnamed path),"Untagged path to the small parking lot at Cleveland Trail, north of W 16th Ave"
58473336,(unnamed footway),"Untagged path along the south side of W 4th Ave"
931162120,(unnamed path),"Small path along W 4th Ave at Drummond Dr"
